INSERT INTO players (player_id, username, rating) VALUES (1, 'bourgris', 1500);
INSERT INTO players (player_id, username, rating) VALUES (2, 'a-00', 1191);
INSERT INTO players (player_id, username, rating) VALUES (3, 'skinnerua', 1261);
INSERT INTO players (player_id, username, rating) VALUES (4, 'ischia', 1496);
INSERT INTO players (player_id, username, rating) VALUES (5, 'daniamurashov', 1439);
INSERT INTO players (player_id, username, rating) VALUES (6, 'adivanov2009', 1454);
INSERT INTO players (player_id, username, rating) VALUES (7, 'nik221107', 1523);
INSERT INTO players (player_id, username, rating) VALUES (8, 'trelynn17', 1250);
INSERT INTO players (player_id, username, rating) VALUES (9, 'franklin14532', 1002);
INSERT INTO players (player_id, username, rating) VALUES (10, 'capa_jr', 1520);
INSERT INTO players (player_id, username, rating) VALUES (11, 'daniel_likes_chess', 1423);
INSERT INTO players (player_id, username, rating) VALUES (12, 'soultego', 2108);
INSERT INTO players (player_id, username, rating) VALUES (13, 'ehabfanri', 1439);
INSERT INTO players (player_id, username, rating) VALUES (14, 'mirco25', 1209);

INSERT INTO openings (eco, opening_name, opening_ply) VALUES ('D10', 'Slav Defense: Exchange Variation', 5);
INSERT INTO openings (eco, opening_name, opening_ply) VALUES ('B00', 'Nimzowitsch Defense: Kennedy Variation', 4);
INSERT INTO openings (eco, opening_name, opening_ply) VALUES ('C20', 'King''s Pawn Game: Leonardis Variation', 3);
INSERT INTO openings (eco, opening_name, opening_ply) VALUES ('D02', 'Queen''s Pawn Game: Zukertort Variation', 3);
INSERT INTO openings (eco, opening_name, opening_ply) VALUES ('C41', 'Philidor Defense', 5);
INSERT INTO openings (eco, opening_name, opening_ply) VALUES ('B27', 'Sicilian Defense: Mongoose Variation', 4);
INSERT INTO openings (eco, opening_name, opening_ply) VALUES ('D00', 'Blackmar-Diemer Gambit: Pietrowsky Defense', 10);
INSERT INTO openings (eco, opening_name, opening_ply) VALUES ('C50', 'Italian Game: Schilling-Kostic Gambit', 6);
INSERT INTO openings (eco, opening_name, opening_ply) VALUES ('B01', 'Scandinavian Defense: Mieses-Kotroc Variation', 4);

INSERT INTO games (game_id, game_date, time_control, num_turns, victory_status, winner, white_player, black_player, eco) VALUES ('TZJHLljE', '2017-08-31 20:06:40', '15+2', 13, 'outoftime', 'white', 1, 2, 'D10');
INSERT INTO games (game_id, game_date, time_control, num_turns, victory_status, winner, white_player, black_player, eco) VALUES ('l1NXvwaE', '2017-08-30 21:53:20', '5+10', 16, 'resign', 'black', 2, 3, 'B00');
INSERT INTO games (game_id, game_date, time_control, num_turns, victory_status, winner, white_player, black_player, eco) VALUES ('mIICvQHh', '2017-08-30 21:53:20', '5+10', 61, 'mate', 'white', 4, 2, 'C20');
INSERT INTO games (game_id, game_date, time_control, num_turns, victory_status, winner, white_player, black_player, eco) VALUES ('kWKvrqYL', '2017-08-30 16:20:00', '20+0', 61, 'mate', 'white', 5, 6, 'D02');
INSERT INTO games (game_id, game_date, time_control, num_turns, victory_status, winner, white_player, black_player, eco) VALUES ('9tXo1AUZ', '2017-08-29 18:06:40', '30+3', 95, 'mate', 'white', 7, 6, 'C41');
INSERT INTO games (game_id, game_date, time_control, num_turns, victory_status, winner, white_player, black_player, eco) VALUES ('MsoDV9wj', '2017-09-01 04:26:40', '10+0', 5, 'draw', 'draw', 8, 9, 'B27');
INSERT INTO games (game_id, game_date, time_control, num_turns, victory_status, winner, white_player, black_player, eco) VALUES ('qwU9rasv', '2017-09-01 01:40:00', '10+0', 33, 'resign', 'white', 10, 11, 'D00');
INSERT INTO games (game_id, game_date, time_control, num_turns, victory_status, winner, white_player, black_player, eco) VALUES ('RVN0N3VK', '2017-08-25 16:53:20', '15+30', 9, 'resign', 'black', 11, 12, 'B00');
INSERT INTO games (game_id, game_date, time_control, num_turns, victory_status, winner, white_player, black_player, eco) VALUES ('dwF3DJHO', '2017-08-23 17:40:00', '15+0', 66, 'resign', 'black', 13, 11, 'C50');
INSERT INTO games (game_id, game_date, time_control, num_turns, victory_status, winner, white_player, black_player, eco) VALUES ('afoMwnLg', '2017-08-22 22:13:20', '10+0', 119, 'mate', 'white', 11, 14, 'B01');